{"cameraMode":{"drawMode":0,"name":"Shaded","section":"Shading Mode"},"sceneLighting":true,"audioPlay":false,"sceneViewState":{"showFog":true,"showMaterialUpdate":false,"showSkybox":true,"showFlares":true,"showImageEffects":true,"showParticleSystems":true},"in2DMode":false,"pivot":{"x":5.218536376953125,"y":6.088119983673096,"z":-7.104363918304443},"rotation":{"x":0.05266863480210304,"y":0.7859840989112854,"z":-0.06761102378368378,"w":0.6122774481773377},"size":30.96428871154785,"orthographic":false}